[{"model": "contenttypes.contenttype", "pk": 1, "fields": {"app_label": "admin", "model": "logentry"}}, {"model": "contenttypes.contenttype", "pk": 2, "fields": {"app_label": "auth", "model": "permission"}}, {"model": "contenttypes.contenttype", "pk": 3, "fields": {"app_label": "auth", "model": "group"}}, {"model": "contenttypes.contenttype", "pk": 4, "fields": {"app_label": "auth", "model": "user"}}, {"model": "contenttypes.contenttype", "pk": 5, "fields": {"app_label": "contenttypes", "model": "contenttype"}}, {"model": "contenttypes.contenttype", "pk": 6, "fields": {"app_label": "sessions", "model": "session"}}, {"model": "contenttypes.contenttype", "pk": 7, "fields": {"app_label": "taggit", "model": "tag"}}, {"model": "contenttypes.contenttype", "pk": 8, "fields": {"app_label": "taggit", "model": "taggeditem"}}, {"model": "contenttypes.contenttype", "pk": 9, "fields": {"app_label": "vid", "model": "vid"}}, {"model": "contenttypes.contenttype", "pk": 10, "fields": {"app_label": "vid", "model": "videometa"}}, {"model": "contenttypes.contenttype", "pk": 11, "fields": {"app_label": "categories", "model": "videocat"}}, {"model": "contenttypes.contenttype", "pk": 12, "fields": {"app_label": "advanced_filters", "model": "advancedfilter"}}, {"model": "sessions.session", "pk": "6x69jvp2urt09fba41awh70bdmz7he1n", "fields": {"session_data": "ZDU2NGM5MmU1ZTk0ZTdjOGEzYTMxZTk5MGJjZDE0MTUyYWJmZDFlZjp7Il9hdXRoX3VzZXJfaGFzaCI6IjlkNDZkYzM0MGUxOTQxYTRiZmE2YjhhN2YyMGQ5YzdjZTk1MjcyMTciLCJfYXV0aF91c2VyX2JhY2tlbmQiOiJkamFuZ28uY29udHJpYi5hdXRoLmJhY2tlbmRzLk1vZGVsQmFja2VuZCIsIl9hdXRoX3VzZXJfaWQiOiIxIn0=", "expire_date": "2016-04-26T08:14:23.678Z"}}, {"model": "sessions.session", "pk": "8fsyd3ppi5sid7cx85jidms20jq4c4gc", "fields": {"session_data": "ZDU2NGM5MmU1ZTk0ZTdjOGEzYTMxZTk5MGJjZDE0MTUyYWJmZDFlZjp7Il9hdXRoX3VzZXJfaGFzaCI6IjlkNDZkYzM0MGUxOTQxYTRiZmE2YjhhN2YyMGQ5YzdjZTk1MjcyMTciLCJfYXV0aF91c2VyX2JhY2tlbmQiOiJkamFuZ28uY29udHJpYi5hdXRoLmJhY2tlbmRzLk1vZGVsQmFja2VuZCIsIl9hdXRoX3VzZXJfaWQiOiIxIn0=", "expire_date": "2016-04-23T13:45:26.177Z"}}, {"model": "sessions.session", "pk": "y0p2rmb7p141hm1lzrayj9dlqywaxfnj", "fields": {"session_data": "ZDU2NGM5MmU1ZTk0ZTdjOGEzYTMxZTk5MGJjZDE0MTUyYWJmZDFlZjp7Il9hdXRoX3VzZXJfaGFzaCI6IjlkNDZkYzM0MGUxOTQxYTRiZmE2YjhhN2YyMGQ5YzdjZTk1MjcyMTciLCJfYXV0aF91c2VyX2JhY2tlbmQiOiJkamFuZ28uY29udHJpYi5hdXRoLmJhY2tlbmRzLk1vZGVsQmFja2VuZCIsIl9hdXRoX3VzZXJfaWQiOiIxIn0=", "expire_date": "2016-04-26T08:30:21.151Z"}}, {"model": "categories.videocat", "pk": 1, "fields": {"slug": "3d", "name": "3D"}}, {"model": "categories.videocat", "pk": 2, "fields": {"slug": "action", "name": "Action"}}, {"model": "categories.videocat", "pk": 3, "fields": {"slug": "animals", "name": "Animals"}}, {"model": "categories.videocat", "pk": 4, "fields": {"slug": "animation", "name": "Animation"}}, {"model": "categories.videocat", "pk": 5, "fields": {"slug": "animation-life-augmented-reality", "name": "Animation & Life (augmented Reality)"}}, {"model": "categories.videocat", "pk": 6, "fields": {"slug": "babies", "name": "Babies"}}, {"model": "categories.videocat", "pk": 7, "fields": {"slug": "beauty-fashion-hair", "name": "Beauty / Fashion / Hair"}}, {"model": "categories.videocat", "pk": 8, "fields": {"slug": "cars-automotive", "name": "Cars & Automotive"}}, {"model": "categories.videocat", "pk": 9, "fields": {"slug": "celebrities", "name": "Celebrities"}}, {"model": "categories.videocat", "pk": 10, "fields": {"slug": "choreography", "name": "Choreography"}}, {"model": "categories.videocat", "pk": 11, "fields": {"slug": "cinema-movie", "name": "Cinema / Movie"}}, {"model": "categories.videocat", "pk": 12, "fields": {"slug": "design", "name": "Design"}}, {"model": "categories.videocat", "pk": 13, "fields": {"slug": "elderly", "name": "Elderly"}}, {"model": "categories.videocat", "pk": 14, "fields": {"slug": "features", "name": "Features"}}, {"model": "categories.videocat", "pk": 15, "fields": {"slug": "food-drinks-tabletop", "name": "Food & Drinks (Tabletop)"}}, {"model": "categories.videocat", "pk": 16, "fields": {"slug": "hair", "name": "Hair"}}, {"model": "categories.videocat", "pk": 17, "fields": {"slug": "historical", "name": "Historical"}}, {"model": "categories.videocat", "pk": 18, "fields": {"slug": "humor", "name": "Humor"}}, {"model": "categories.videocat", "pk": 19, "fields": {"slug": "kids", "name": "Kids"}}, {"model": "categories.videocat", "pk": 20, "fields": {"slug": "landscape", "name": "Landscape"}}, {"model": "categories.videocat", "pk": 21, "fields": {"slug": "lifestyle", "name": "Lifestyle"}}, {"model": "categories.videocat", "pk": 22, "fields": {"slug": "music-video-choreography", "name": "Music Video / Choreography"}}, {"model": "categories.videocat", "pk": 23, "fields": {"slug": "other", "name": "Other"}}, {"model": "categories.videocat", "pk": 24, "fields": {"slug": "sfx-tricks", "name": "SFX & Tricks"}}, {"model": "categories.videocat", "pk": 25, "fields": {"slug": "slowmotion", "name": "Slowmotion"}}, {"model": "categories.videocat", "pk": 26, "fields": {"slug": "sports", "name": "Sports"}}, {"model": "categories.videocat", "pk": 27, "fields": {"slug": "storytelling", "name": "Storytelling"}}, {"model": "categories.videocat", "pk": 28, "fields": {"slug": "testimonials", "name": "Testimonials"}}, {"model": "categories.videocat", "pk": 29, "fields": {"slug": "time-lapse", "name": "Time lapse"}}, {"model": "categories.videocat", "pk": 30, "fields": {"slug": "transitions-form-and-scence", "name": "Transitions (Form and Scence)"}}, {"model": "categories.videocat", "pk": 31, "fields": {"slug": "underwater", "name": "Underwater"}}, {"model": "categories.videocat", "pk": 32, "fields": {"slug": "urban", "name": "Urban"}}, {"model": "categories.videocat", "pk": 33, "fields": {"slug": "youth-teenager", "name": "Youth / Teenager"}}, {"model": "categories.videocat", "pk": 34, "fields": {"slug": "vignettes", "name": "Vignettes"}}, {"model": "vid.vid", "pk": 3, "fields": {"name": "a rich mans trick", "video": "video/a-rich-mans-trick-5cc17b70-jfk-to-911-everything-is-a-rich-mans-trick-u1qt6a-vanm.mp4", "s3_video": "", "categories": [17]}}, {"model": "vid.vid", "pk": 4, "fields": {"name": "All wars are bankers wars", "video": "video/all-wars-are-bankers-wars-fd2e0aab-all-wars-are-bankers-wars-5hfebupaeo4.mp4", "s3_video": "", "categories": [17, 27]}}, {"model": "vid.vid", "pk": 5, "fields": {"name": "My cool video", "video": "video/my-cool-video-19576039-gray-state-the-rise-rough-cut-directed-by-david-crowley.mp4", "s3_video": "", "categories": []}}, {"model": "vid.vid", "pk": 6, "fields": {"name": "test", "video": "video/test-5d5dd887-139152743.mp4", "s3_video": "", "categories": [7]}}, {"model": "vid.vid", "pk": 7, "fields": {"name": "Another test", "video": "video/another-test-9625f2c6-407980709.mp4", "s3_video": "", "categories": [26]}}, {"model": "vid.vid", "pk": 8, "fields": {"name": "test again", "video": "video/31b0307e-139152743.mp4", "s3_video": "", "categories": [5]}}, {"model": "vid.vid", "pk": 9, "fields": {"name": "lo and behold", "video": "video/dc427b9d-revealed-the-men-who-own-and-run-the-u-s-government-bkwo1onxaai.mp4", "s3_video": "", "categories": [32]}}, {"model": "vid.vid", "pk": 10, "fields": {"name": "blue moon", "video": "video/009e4ccf-gray-state-the-rise-rough-cut-directed-by-david-crowley.mp4", "s3_video": "", "categories": []}}, {"model": "vid.vid", "pk": 11, "fields": {"name": "s3 test", "video": "video/009b06d1-407980709.mp4", "s3_video": "", "categories": []}}, {"model": "vid.videometa", "pk": 3, "fields": {"vid": 3, "mime_type": "video/mp4", "duration": "3:27:55", "file_size": "2403 MB", "avg_bitrate": "1.61 Mbps", "audio_sample_rate": "44100", "video_frame_rate": "25", "audio_bits_per_sample": "16", "track_duration": "3:27:55", "x_resolution": "72", "y_resolution": "72", "file_type": "MP4", "audio_format": "mp4a", "compressor_id": "avc1", "image_size": "1280x720", "image_height": "720", "image_width": "1280", "data": {"test": "test", "thumbs": ["thumbs-3-01.jpg", "thumbs-3-02.jpg", "thumbs-3-03.jpg", "thumbs-3-04.jpg"], "video_metadata": {"compatible-brands": "isom, mp42", "source-image-height": "720", "minor-version": "0.0.0", "source-image-width": "1280", "next-track-id": "3", "major-brand": "MP4 v2 [ISO 14496-14]", "media-duration": "3:27:55", "modify-date": "2014:12:20 00:44:42", "movie-header-version": "0", "bit-depth": "24", "track-duration": "3:27:55", "avg-bitrate": "1.61 Mbps", "y-resolution": "72", "directory": "/Users/rosscdh/p/vidtrest/vidtrest/media/video", "file-modification-datetime": "2016:04:11 07:21:33+00:00", "duration": "3:27:55", "preview-time": "0 s", "track-header-version": "0", "selection-time": "0 s", "preview-duration": "0 s", "file-access-datetime": "2016:04:12 13:01:30+00:00", "average-bitrate": "1421048", "time-scale": "600", "file-size": "2403 MB", "track-layer": "0", "graphics-mode": "srcCopy", "create-date": "2014:12:20 00:44:42", "buffer-size": "283518", "media-modify-date": "2014:12:20 00:49:46", "handler-vendor-id": "Apple", "media-time-scale": "44100", "audio-channels": "2", "google-start-time": "0", "matrix-structure": "1 0 0 0 1 0 0 0 1", "track-volume": "0.00%", "movie-data-size": "2515375083", "handler-description": "IsoMedia File Produced by Google, 5-11-2011", "preferred-rate": "1", "track-create-date": "0000:00:00 00:00:00", "op-color": "0 0 0", "image-height": "720", "file-name": "a-rich-mans-trick-5cc17b70-jfk-to-911-everything-is-a-rich-mans-trick-u1qt6a-vanm.mp4", "track-id": "1", "media-create-date": "2014:12:20 00:47:24", "preferred-volume": "100.00%", "image-size": "1280x720", "google-ping-message": "", "media-language-code": "und", "handler-type": "Metadata", "current-time": "0 s", "file-type-extension": "mp4", "google-source-data": "B0AFCE224", "rotation": "0", "exiftool-version-number": "10.11", "file-permissions": "rwxr-xr-x", "audio-bits-per-sample": "16", "google-ping-url": "", "file-inode-change-datetime": "2016:04:12 07:54:59+00:00", "track-modify-date": "2014:12:20 00:49:46", "audio-sample-rate": "44100", "selection-duration": "0 s", "max-bitrate": "9269064", "audio-format": "mp4a", "megapixels": "0.922", "mime-type": "video/mp4", "google-track-duration": "3:27:55", "google-host-header": "r15---sn-4g57knll.googlevideo.com", "x-resolution": "72", "movie-data-offset": "3834458", "poster-time": "0 s", "media-header-version": "0", "file-type": "MP4", "balance": "0", "video-frame-rate": "25", "compressor-id": "avc1", "image-width": "1280"}}}}, {"model": "vid.videometa", "pk": 4, "fields": {"vid": 4, "mime_type": "video/mp4", "duration": "0:43:33", "file_size": "178 MB", "avg_bitrate": "570 kbps", "audio_sample_rate": "44100", "video_frame_rate": "30", "audio_bits_per_sample": "16", "track_duration": "0:43:33", "x_resolution": "72", "y_resolution": "72", "file_type": "MP4", "audio_format": "mp4a", "compressor_id": "avc1", "image_size": "640x360", "image_height": "360", "image_width": "640", "data": {"thumbs": ["thumbs-4-01.jpg", "thumbs-4-02.jpg", "thumbs-4-03.jpg", "thumbs-4-04.jpg"], "video_metadata": {"compatible-brands": "isom, mp42", "source-image-height": "360", "minor-version": "0.0.0", "source-image-width": "640", "next-track-id": "3", "major-brand": "MP4 v2 [ISO 14496-14]", "media-duration": "0:43:33", "modify-date": "2014:09:10 02:01:47", "movie-header-version": "0", "bit-depth": "24", "track-duration": "0:43:33", "avg-bitrate": "570 kbps", "y-resolution": "72", "directory": "/Users/rosscdh/p/vidtrest/vidtrest/media/video", "file-modification-datetime": "2016:04:11 07:21:32+00:00", "duration": "0:43:33", "preview-time": "0 s", "track-header-version": "0", "selection-time": "0 s", "preview-duration": "0 s", "file-access-datetime": "2016:04:12 06:18:06+00:00", "average-bitrate": "474024", "time-scale": "600", "file-size": "178 MB", "track-layer": "0", "graphics-mode": "srcCopy", "create-date": "2014:09:10 02:01:47", "buffer-size": "77179", "media-modify-date": "2014:09:10 02:02:23", "handler-vendor-id": "Apple", "media-time-scale": "44100", "audio-channels": "2", "google-start-time": "0", "matrix-structure": "1 0 0 0 1 0 0 0 1", "track-volume": "0.00%", "movie-data-size": "186199154", "handler-description": "IsoMedia File Produced by Google, 5-11-2011", "preferred-rate": "1", "track-create-date": "0000:00:00 00:00:00", "op-color": "0 0 0", "image-height": "360", "file-name": "all-wars-are-bankers-wars-fd2e0aab-all-wars-are-bankers-wars-5hfebupaeo4.mp4", "track-id": "1", "media-create-date": "2014:09:10 02:02:07", "preferred-volume": "100.00%", "image-size": "640x360", "google-ping-message": "", "media-language-code": "und", "handler-type": "Metadata", "current-time": "0 s", "file-type-extension": "mp4", "google-source-data": "B574F160AMM1444133382527430", "rotation": "0", "exiftool-version-number": "10.11", "file-permissions": "rwxr-xr-x", "audio-bits-per-sample": "16", "google-ping-url": "", "file-inode-change-datetime": "2016:04:12 07:54:59+00:00", "track-modify-date": "2014:09:10 02:02:23", "audio-sample-rate": "44100", "selection-duration": "0 s", "max-bitrate": "1781888", "audio-format": "mp4a", "megapixels": "0.230", "mime-type": "video/mp4", "google-track-duration": "0:43:33", "google-host-header": "r7---sn-oxujvavbox-jboe.googlevideo.com", "x-resolution": "72", "movie-data-offset": "862066", "poster-time": "0 s", "media-header-version": "0", "file-type": "MP4", "balance": "0", "video-frame-rate": "30", "compressor-id": "avc1", "image-width": "640"}}}}, {"model": "vid.videometa", "pk": 5, "fields": {"vid": 5, "mime_type": "video/mp4", "duration": "2:39:04", "file_size": "416 MB", "avg_bitrate": "363 kbps", "audio_sample_rate": "44100", "video_frame_rate": "23.976", "audio_bits_per_sample": "16", "track_duration": "2:39:04", "x_resolution": "72", "y_resolution": "72", "file_type": "MP4", "audio_format": "mp4a", "compressor_id": "avc1", "image_size": "540x360", "image_height": "360", "image_width": "540", "data": {"thumbs": ["thumbs-5-01.jpg", "thumbs-5-02.jpg", "thumbs-5-03.jpg", "thumbs-5-04.jpg"], "video_metadata": {"compatible-brands": "isom, mp42", "source-image-height": "360", "minor-version": "0.0.0", "source-image-width": "540", "next-track-id": "3", "major-brand": "MP4 v2 [ISO 14496-14]", "media-duration": "2:39:04", "modify-date": "2015:01:21 07:55:34", "movie-header-version": "0", "bit-depth": "24", "track-duration": "2:39:04", "avg-bitrate": "363 kbps", "y-resolution": "72", "directory": "/Users/rosscdh/p/vidtrest/vidtrest/media/video", "file-modification-datetime": "2016:04:11 08:45:02+00:00", "duration": "2:39:04", "preview-time": "0 s", "track-header-version": "0", "selection-time": "0 s", "preview-duration": "0 s", "file-access-datetime": "2016:04:12 08:29:36+00:00", "average-bitrate": "266776", "time-scale": "600", "file-size": "416 MB", "track-layer": "0", "graphics-mode": "srcCopy", "create-date": "2015:01:21 07:55:34", "buffer-size": "47071", "media-modify-date": "2015:01:21 07:56:48", "handler-vendor-id": "Apple", "media-time-scale": "44100", "audio-channels": "2", "google-start-time": "0", "matrix-structure": "1 0 0 0 1 0 0 0 1", "track-volume": "0.00%", "movie-data-size": "432820002", "handler-description": "IsoMedia File Produced by Google, 5-11-2011", "preferred-rate": "1", "track-create-date": "0000:00:00 00:00:00", "op-color": "0 0 0", "image-height": "360", "file-name": "my-cool-video-19576039-gray-state-the-rise-rough-cut-directed-by-david-crowley.mp4", "track-id": "1", "media-create-date": "2015:01:21 07:56:16", "preferred-volume": "100.00%", "image-size": "540x360", "google-ping-message": "", "media-language-code": "und", "handler-type": "Metadata", "current-time": "0 s", "file-type-extension": "mp4", "google-source-data": "B0AFCF363HH1422177677020225", "rotation": "0", "exiftool-version-number": "10.11", "file-permissions": "rwxr-xr-x", "audio-bits-per-sample": "16", "google-ping-url": "", "file-inode-change-datetime": "2016:04:12 07:54:59+00:00", "track-modify-date": "2015:01:21 07:56:48", "audio-sample-rate": "44100", "selection-duration": "0 s", "max-bitrate": "1370848", "audio-format": "mp4a", "megapixels": "0.194", "mime-type": "video/mp4", "google-track-duration": "2:39:04", "google-host-header": "r9---sn-25ge7n7e.googlevideo.com", "x-resolution": "72", "movie-data-offset": "2866145", "poster-time": "0 s", "media-header-version": "0", "file-type": "MP4", "balance": "0", "video-frame-rate": "23.976", "compressor-id": "avc1", "image-width": "540"}}}}, {"model": "vid.videometa", "pk": 6, "fields": {"vid": 6, "mime_type": "video/mp4", "duration": "0:00:46", "file_size": "8.8 MB", "avg_bitrate": "1.6 Mbps", "audio_sample_rate": "48000", "video_frame_rate": "25", "audio_bits_per_sample": "16", "track_duration": "0:00:46", "x_resolution": "72", "y_resolution": "72", "file_type": "MP4", "audio_format": "mp4a", "compressor_id": "avc1", "image_size": "1280x720", "image_height": "720", "image_width": "1280", "data": {"thumbs": ["thumbs-6-01.jpg", "thumbs-6-02.jpg", "thumbs-6-03.jpg", "thumbs-6-04.jpg"], "video_metadata": {"compatible-brands": "mp42, mp41, isom, avc1", "source-image-height": "720", "minor-version": "0.0.0", "source-image-width": "1280", "next-track-id": "3", "major-brand": "MP4 v2 [ISO 14496-14]", "compressor-name": "AVC Coding", "media-duration": "0:00:46", "modify-date": "2013:01:15 11:03:11", "movie-header-version": "0", "bit-depth": "0", "track-duration": "0:00:46", "avg-bitrate": "1.6 Mbps", "y-resolution": "72", "directory": "/Users/rosscdh/p/vidtrest/vidtrest/media/video", "duration": "0:00:46", "preview-time": "0 s", "track-header-version": "0", "selection-time": "0 s", "preview-duration": "0 s", "file-access-datetime": "2016:04:13 19:22:30+00:00", "time-scale": "600", "file-size": "8.8 MB", "track-layer": "0", "graphics-mode": "srcCopy", "create-date": "2013:01:15 11:03:11", "media-modify-date": "2013:01:15 11:03:11", "media-create-date": "2013:01:15 11:03:11", "media-time-scale": "48000", "audio-channels": "2", "matrix-structure": "1 0 0 0 1 0 0 0 1", "track-volume": "0.00%", "movie-data-size": "9253124", "handler-description": "L-SMASH Audio Handler", "preferred-rate": "1", "track-create-date": "2013:01:15 11:03:11", "op-color": "0 0 0", "image-height": "720", "file-name": "test-5d5dd887-139152743.mp4", "track-id": "1", "preferred-volume": "100.00%", "image-size": "1280x720", "media-language-code": "und", "handler-type": "Audio Track", "current-time": "0 s", "file-type-extension": "mp4", "file-modification-datetime": "2016:04:11 12:51:22+00:00", "rotation": "0", "exiftool-version-number": "10.11", "file-permissions": "rwxr-xr-x", "audio-bits-per-sample": "16", "video-frame-rate": "25", "file-inode-change-datetime": "2016:04:12 07:54:59+00:00", "track-modify-date": "2013:01:15 11:03:11", "audio-sample-rate": "48000", "selection-duration": "0 s", "audio-format": "mp4a", "megapixels": "0.922", "mime-type": "video/mp4", "x-resolution": "72", "movie-data-offset": "23935", "poster-time": "0 s", "media-header-version": "0", "file-type": "MP4", "balance": "0", "compressor-id": "avc1", "image-width": "1280"}}}}, {"model": "vid.videometa", "pk": 7, "fields": {"vid": 7, "mime_type": "video/mp4", "duration": "0:01:50", "file_size": "28 MB", "avg_bitrate": "2.11 Mbps", "audio_sample_rate": "48000", "video_frame_rate": "25", "audio_bits_per_sample": "16", "track_duration": "0:01:50", "x_resolution": "72", "y_resolution": "72", "file_type": "MP4", "audio_format": "mp4a", "compressor_id": "avc1", "image_size": "1280x720", "image_height": "720", "image_width": "1280", "data": {"thumbs": ["thumbs-7-01.jpg", "thumbs-7-02.jpg", "thumbs-7-03.jpg", "thumbs-7-04.jpg"], "video_metadata": {"compatible-brands": "mp42, mp41, isom, avc1", "source-image-height": "720", "minor-version": "0.0.0", "source-image-width": "1280", "next-track-id": "3", "major-brand": "MP4 v2 [ISO 14496-14]", "compressor-name": "AVC Coding", "media-duration": "0:01:50", "modify-date": "2015:08:26 12:16:46", "movie-header-version": "0", "bit-depth": "0", "track-duration": "0:01:50", "avg-bitrate": "2.11 Mbps", "y-resolution": "72", "directory": "/Users/rosscdh/p/vidtrest/vidtrest/media/video", "duration": "0:01:50", "preview-time": "0 s", "track-header-version": "0", "selection-time": "0 s", "preview-duration": "0 s", "file-access-datetime": "2016:04:13 19:22:30+00:00", "time-scale": "600", "file-size": "28 MB", "track-layer": "0", "graphics-mode": "srcCopy", "create-date": "2015:08:26 12:16:46", "media-modify-date": "2015:08:26 12:16:46", "media-create-date": "2015:08:26 12:16:46", "media-time-scale": "48000", "audio-channels": "2", "matrix-structure": "1 0 0 0 1 0 0 0 1", "track-volume": "0.00%", "movie-data-size": "29051424", "handler-description": "L-SMASH Audio Handler", "preferred-rate": "1", "track-create-date": "2015:08:26 12:16:46", "op-color": "0 0 0", "image-height": "720", "file-name": "another-test-9625f2c6-407980709.mp4", "track-id": "1", "preferred-volume": "100.00%", "color-representation": "nclx 1 1 1", "image-size": "1280x720", "media-language-code": "und", "handler-type": "Audio Track", "current-time": "0 s", "file-type-extension": "mp4", "file-modification-datetime": "2016:04:11 12:52:18+00:00", "rotation": "0", "exiftool-version-number": "10.11", "file-permissions": "rwxr-xr-x", "audio-bits-per-sample": "16", "video-frame-rate": "25", "pixel-aspect-ratio": "1:1", "file-inode-change-datetime": "2016:04:12 07:54:59+00:00", "track-modify-date": "2015:08:26 12:16:46", "audio-sample-rate": "48000", "selection-duration": "0 s", "audio-format": "mp4a", "megapixels": "0.922", "mime-type": "video/mp4", "x-resolution": "72", "movie-data-offset": "58792", "poster-time": "0 s", "media-header-version": "0", "file-type": "MP4", "balance": "0", "compressor-id": "avc1", "image-width": "1280"}}}}, {"model": "vid.videometa", "pk": 8, "fields": {"vid": 8, "mime_type": "video/mp4", "duration": "0:00:46", "file_size": "8.8 MB", "avg_bitrate": "1.6 Mbps", "audio_sample_rate": "48000", "video_frame_rate": "25", "audio_bits_per_sample": "16", "track_duration": "0:00:46", "x_resolution": "72", "y_resolution": "72", "file_type": "MP4", "audio_format": "mp4a", "compressor_id": "avc1", "image_size": "1280x720", "image_height": "720", "image_width": "1280", "data": {"thumbs": ["thumbs-8-01.jpg", "thumbs-8-02.jpg", "thumbs-8-03.jpg", "thumbs-8-04.jpg"], "video_metadata": {"compatible-brands": "mp42, mp41, isom, avc1", "source-image-height": "720", "minor-version": "0.0.0", "source-image-width": "1280", "next-track-id": "3", "major-brand": "MP4 v2 [ISO 14496-14]", "compressor-name": "AVC Coding", "media-duration": "0:00:46", "modify-date": "2013:01:15 11:03:11", "movie-header-version": "0", "bit-depth": "0", "track-duration": "0:00:46", "avg-bitrate": "1.6 Mbps", "y-resolution": "72", "directory": "/Users/rosscdh/p/vidtrest/vidtrest/media/video", "duration": "0:00:46", "preview-time": "0 s", "track-header-version": "0", "selection-time": "0 s", "preview-duration": "0 s", "file-access-datetime": "2016:04:13 19:22:29+00:00", "time-scale": "600", "file-size": "8.8 MB", "track-layer": "0", "graphics-mode": "srcCopy", "create-date": "2013:01:15 11:03:11", "media-modify-date": "2013:01:15 11:03:11", "media-create-date": "2013:01:15 11:03:11", "media-time-scale": "48000", "audio-channels": "2", "matrix-structure": "1 0 0 0 1 0 0 0 1", "track-volume": "0.00%", "movie-data-size": "9253124", "handler-description": "L-SMASH Audio Handler", "preferred-rate": "1", "track-create-date": "2013:01:15 11:03:11", "op-color": "0 0 0", "image-height": "720", "file-name": "31b0307e-139152743.mp4", "track-id": "1", "preferred-volume": "100.00%", "image-size": "1280x720", "media-language-code": "und", "handler-type": "Audio Track", "current-time": "0 s", "file-type-extension": "mp4", "file-modification-datetime": "2016:04:12 06:13:12+00:00", "rotation": "0", "exiftool-version-number": "10.11", "file-permissions": "rwxr-xr-x", "audio-bits-per-sample": "16", "video-frame-rate": "25", "file-inode-change-datetime": "2016:04:12 07:54:59+00:00", "track-modify-date": "2013:01:15 11:03:11", "audio-sample-rate": "48000", "selection-duration": "0 s", "audio-format": "mp4a", "megapixels": "0.922", "mime-type": "video/mp4", "x-resolution": "72", "movie-data-offset": "23935", "poster-time": "0 s", "media-header-version": "0", "file-type": "MP4", "balance": "0", "compressor-id": "avc1", "image-width": "1280"}}}}, {"model": "vid.videometa", "pk": 9, "fields": {"vid": 9, "mime_type": "video/mp4", "duration": "0:48:54", "file_size": "116 MB", "avg_bitrate": "330 kbps", "audio_sample_rate": "44100", "video_frame_rate": "25", "audio_bits_per_sample": "16", "track_duration": "0:48:54", "x_resolution": "72", "y_resolution": "72", "file_type": "MP4", "audio_format": "mp4a", "compressor_id": "avc1", "image_size": "450x360", "image_height": "360", "image_width": "450", "data": {"thumbs": ["thumbs-9-01.jpg", "thumbs-9-02.jpg", "thumbs-9-03.jpg", "thumbs-9-04.jpg"], "video_metadata": {"compatible-brands": "isom, mp42", "source-image-height": "360", "minor-version": "0.0.0", "source-image-width": "450", "next-track-id": "3", "major-brand": "MP4 v2 [ISO 14496-14]", "media-duration": "0:48:54", "modify-date": "2014:11:27 21:58:30", "movie-header-version": "0", "bit-depth": "24", "track-duration": "0:48:54", "avg-bitrate": "330 kbps", "y-resolution": "72", "directory": "/Users/rosscdh/p/vidtrest/vidtrest/media/video", "file-modification-datetime": "2016:04:12 06:16:41+00:00", "duration": "0:48:54", "preview-time": "0 s", "track-header-version": "0", "selection-time": "0 s", "preview-duration": "0 s", "file-access-datetime": "2016:04:14 17:29:31+00:00", "average-bitrate": "233912", "time-scale": "600", "file-size": "116 MB", "track-layer": "0", "graphics-mode": "srcCopy", "create-date": "2014:11:27 21:58:30", "buffer-size": "33289", "media-modify-date": "2014:11:27 21:58:42", "handler-vendor-id": "Apple", "media-time-scale": "44100", "audio-channels": "2", "google-start-time": "0", "matrix-structure": "1 0 0 0 1 0 0 0 1", "track-volume": "0.00%", "movie-data-size": "121034977", "handler-description": "IsoMedia File Produced by Google, 5-11-2011", "preferred-rate": "1", "track-create-date": "0000:00:00 00:00:00", "op-color": "0 0 0", "image-height": "360", "file-name": "dc427b9d-revealed-the-men-who-own-and-run-the-u-s-government-bkwo1onxaai.mp4", "track-id": "1", "media-create-date": "2014:11:27 21:58:36", "preferred-volume": "100.00%", "image-size": "450x360", "google-ping-message": "", "media-language-code": "und", "handler-type": "Metadata", "current-time": "0 s", "file-type-extension": "mp4", "google-source-data": "B0AFCFD8A", "rotation": "0", "exiftool-version-number": "10.11", "file-permissions": "rwxr-xr-x", "audio-bits-per-sample": "16", "google-ping-url": "", "file-inode-change-datetime": "2016:04:12 07:54:59+00:00", "track-modify-date": "2014:11:27 21:58:42", "audio-sample-rate": "44100", "selection-duration": "0 s", "max-bitrate": "1465504", "audio-format": "mp4a", "megapixels": "0.162", "mime-type": "video/mp4", "google-track-duration": "0:48:55", "google-host-header": "r8---sn-5hne6nez.googlevideo.com", "x-resolution": "72", "movie-data-offset": "903277", "poster-time": "0 s", "media-header-version": "0", "file-type": "MP4", "balance": "0", "video-frame-rate": "25", "compressor-id": "avc1", "image-width": "450"}}}}, {"model": "vid.videometa", "pk": 10, "fields": {"vid": 10, "mime_type": "video/mp4", "duration": "2:39:04", "file_size": "416 MB", "avg_bitrate": "363 kbps", "audio_sample_rate": "44100", "video_frame_rate": "23.976", "audio_bits_per_sample": "16", "track_duration": "2:39:04", "x_resolution": "72", "y_resolution": "72", "file_type": "MP4", "audio_format": "mp4a", "compressor_id": "avc1", "image_size": "540x360", "image_height": "360", "image_width": "540", "data": {"thumbs": ["thumbs-10-01.jpg", "thumbs-10-02.jpg", "thumbs-10-03.jpg", "thumbs-10-04.jpg"], "video_metadata": {"compatible-brands": "isom, mp42", "source-image-height": "360", "minor-version": "0.0.0", "source-image-width": "540", "next-track-id": "3", "major-brand": "MP4 v2 [ISO 14496-14]", "media-duration": "2:39:04", "modify-date": "2015:01:21 07:55:34", "movie-header-version": "0", "bit-depth": "24", "track-duration": "2:39:04", "avg-bitrate": "363 kbps", "y-resolution": "72", "directory": "/Users/rosscdh/p/vidtrest/vidtrest/media/video", "file-modification-datetime": "2016:04:14 17:26:34+00:00", "duration": "2:39:04", "preview-time": "0 s", "track-header-version": "0", "selection-time": "0 s", "preview-duration": "0 s", "file-access-datetime": "2016:04:14 17:29:59+00:00", "average-bitrate": "266776", "time-scale": "600", "file-size": "416 MB", "track-layer": "0", "graphics-mode": "srcCopy", "create-date": "2015:01:21 07:55:34", "buffer-size": "47071", "media-modify-date": "2015:01:21 07:56:48", "handler-vendor-id": "Apple", "media-time-scale": "44100", "audio-channels": "2", "google-start-time": "0", "matrix-structure": "1 0 0 0 1 0 0 0 1", "track-volume": "0.00%", "movie-data-size": "432820002", "handler-description": "IsoMedia File Produced by Google, 5-11-2011", "preferred-rate": "1", "track-create-date": "0000:00:00 00:00:00", "op-color": "0 0 0", "image-height": "360", "file-name": "009e4ccf-gray-state-the-rise-rough-cut-directed-by-david-crowley.mp4", "track-id": "1", "media-create-date": "2015:01:21 07:56:16", "preferred-volume": "100.00%", "image-size": "540x360", "google-ping-message": "", "media-language-code": "und", "handler-type": "Metadata", "current-time": "0 s", "file-type-extension": "mp4", "google-source-data": "B0AFCF363HH1422177677020225", "rotation": "0", "exiftool-version-number": "10.11", "file-permissions": "rw-r--r--", "audio-bits-per-sample": "16", "google-ping-url": "", "file-inode-change-datetime": "2016:04:14 17:26:34+00:00", "track-modify-date": "2015:01:21 07:56:48", "audio-sample-rate": "44100", "selection-duration": "0 s", "max-bitrate": "1370848", "audio-format": "mp4a", "megapixels": "0.194", "mime-type": "video/mp4", "google-track-duration": "2:39:04", "google-host-header": "r9---sn-25ge7n7e.googlevideo.com", "x-resolution": "72", "movie-data-offset": "2866145", "poster-time": "0 s", "media-header-version": "0", "file-type": "MP4", "balance": "0", "video-frame-rate": "23.976", "compressor-id": "avc1", "image-width": "540"}}}}, {"model": "vid.videometa", "pk": 11, "fields": {"vid": 11, "mime_type": "video/mp4", "duration": "0:01:50", "file_size": "28 MB", "avg_bitrate": "2.11 Mbps", "audio_sample_rate": "48000", "video_frame_rate": "25", "audio_bits_per_sample": "16", "track_duration": "0:01:50", "x_resolution": "72", "y_resolution": "72", "file_type": "MP4", "audio_format": "mp4a", "compressor_id": "avc1", "image_size": "1280x720", "image_height": "720", "image_width": "1280", "data": {"thumbs": ["thumbs-11-01.jpg", "thumbs-11-02.jpg", "thumbs-11-03.jpg", "thumbs-11-04.jpg"], "video_metadata": {"compatible-brands": "mp42, mp41, isom, avc1", "source-image-height": "720", "minor-version": "0.0.0", "source-image-width": "1280", "next-track-id": "3", "major-brand": "MP4 v2 [ISO 14496-14]", "compressor-name": "AVC Coding", "media-duration": "0:01:50", "modify-date": "2015:08:26 12:16:46", "movie-header-version": "0", "bit-depth": "0", "track-duration": "0:01:50", "avg-bitrate": "2.11 Mbps", "y-resolution": "72", "directory": "/Users/rosscdh/p/vidtrest/vidtrest/media/video", "duration": "0:01:50", "preview-time": "0 s", "track-header-version": "0", "selection-time": "0 s", "preview-duration": "0 s", "file-access-datetime": "2016:04:14 17:32:32+00:00", "time-scale": "600", "file-size": "28 MB", "track-layer": "0", "graphics-mode": "srcCopy", "create-date": "2015:08:26 12:16:46", "media-modify-date": "2015:08:26 12:16:46", "media-create-date": "2015:08:26 12:16:46", "media-time-scale": "48000", "audio-channels": "2", "matrix-structure": "1 0 0 0 1 0 0 0 1", "track-volume": "0.00%", "movie-data-size": "29051424", "handler-description": "L-SMASH Audio Handler", "preferred-rate": "1", "track-create-date": "2015:08:26 12:16:46", "op-color": "0 0 0", "image-height": "720", "file-name": "009b06d1-407980709.mp4", "track-id": "1", "preferred-volume": "100.00%", "color-representation": "nclx 1 1 1", "image-size": "1280x720", "media-language-code": "und", "handler-type": "Audio Track", "current-time": "0 s", "file-type-extension": "mp4", "file-modification-datetime": "2016:04:14 17:31:47+00:00", "rotation": "0", "exiftool-version-number": "10.11", "file-permissions": "rw-r--r--", "audio-bits-per-sample": "16", "video-frame-rate": "25", "pixel-aspect-ratio": "1:1", "file-inode-change-datetime": "2016:04:14 17:31:47+00:00", "track-modify-date": "2015:08:26 12:16:46", "audio-sample-rate": "48000", "selection-duration": "0 s", "audio-format": "mp4a", "megapixels": "0.922", "mime-type": "video/mp4", "x-resolution": "72", "movie-data-offset": "58792", "poster-time": "0 s", "media-header-version": "0", "file-type": "MP4", "balance": "0", "compressor-id": "avc1", "image-width": "1280"}}}}, {"model": "taggit.tag", "pk": 1, "fields": {"name": "voice", "slug": "voice"}}, {"model": "taggit.tag", "pk": 2, "fields": {"name": "female", "slug": "female"}}, {"model": "taggit.tag", "pk": 3, "fields": {"name": "deutsch", "slug": "deutsch"}}, {"model": "taggit.tag", "pk": 5, "fields": {"name": "male", "slug": "male"}}, {"model": "taggit.tag", "pk": 6, "fields": {"name": "news", "slug": "news"}}, {"model": "taggit.tag", "pk": 7, "fields": {"name": "conspiracy", "slug": "conspiracy"}}, {"model": "taggit.tag", "pk": 8, "fields": {"name": "arab", "slug": "arab"}}, {"model": "taggit.tag", "pk": 11, "fields": {"name": "india", "slug": "india"}}, {"model": "taggit.tag", "pk": 12, "fields": {"name": "lights", "slug": "lights"}}, {"model": "taggit.tag", "pk": 13, "fields": {"name": "sport", "slug": "sport"}}, {"model": "taggit.tag", "pk": 14, "fields": {"name": "stadium", "slug": "stadium"}}, {"model": "taggit.tag", "pk": 16, "fields": {"name": "bluemoon", "slug": "bluemoon"}}, {"model": "taggit.tag", "pk": 31, "fields": {"name": "test", "slug": "test"}}, {"model": "taggit.tag", "pk": 32, "fields": {"name": "arabs", "slug": "arabs"}}, {"model": "taggit.tag", "pk": 33, "fields": {"name": "indians", "slug": "indians"}}, {"model": "taggit.tag", "pk": 34, "fields": {"name": "11-6", "slug": "11-6"}}, {"model": "taggit.tag", "pk": 35, "fields": {"name": "testing", "slug": "testing"}}, {"model": "taggit.tag", "pk": 36, "fields": {"name": "123", "slug": "123"}}, {"model": "taggit.tag", "pk": 37, "fields": {"name": "sex on legs", "slug": "sex-on-legs"}}, {"model": "taggit.tag", "pk": 38, "fields": {"name": "extras", "slug": "extras"}}, {"model": "taggit.tag", "pk": 39, "fields": {"name": "new value", "slug": "new-value"}}, {"model": "taggit.taggeditem", "pk": 85, "fields": {"tag": 2, "content_type": 9, "object_id": 3}}, {"model": "taggit.taggeditem", "pk": 87, "fields": {"tag": 5, "content_type": 9, "object_id": 3}}, {"model": "taggit.taggeditem", "pk": 88, "fields": {"tag": 6, "content_type": 9, "object_id": 4}}, {"model": "taggit.taggeditem", "pk": 89, "fields": {"tag": 7, "content_type": 9, "object_id": 4}}, {"model": "taggit.taggeditem", "pk": 91, "fields": {"tag": 8, "content_type": 9, "object_id": 6}}, {"model": "taggit.taggeditem", "pk": 94, "fields": {"tag": 11, "content_type": 9, "object_id": 6}}, {"model": "taggit.taggeditem", "pk": 95, "fields": {"tag": 12, "content_type": 9, "object_id": 7}}, {"model": "taggit.taggeditem", "pk": 96, "fields": {"tag": 13, "content_type": 9, "object_id": 7}}, {"model": "taggit.taggeditem", "pk": 97, "fields": {"tag": 14, "content_type": 9, "object_id": 7}}, {"model": "taggit.taggeditem", "pk": 140, "fields": {"tag": 37, "content_type": 9, "object_id": 8}}, {"model": "taggit.taggeditem", "pk": 180, "fields": {"tag": 8, "content_type": 9, "object_id": 10}}, {"model": "taggit.taggeditem", "pk": 181, "fields": {"tag": 35, "content_type": 9, "object_id": 10}}, {"model": "taggit.taggeditem", "pk": 182, "fields": {"tag": 16, "content_type": 9, "object_id": 9}}, {"model": "taggit.taggeditem", "pk": 185, "fields": {"tag": 12, "content_type": 9, "object_id": 11}}, {"model": "taggit.taggeditem", "pk": 186, "fields": {"tag": 14, "content_type": 9, "object_id": 11}}, {"model": "taggit.taggeditem", "pk": 187, "fields": {"tag": 38, "content_type": 9, "object_id": 11}}, {"model": "taggit.taggeditem", "pk": 188, "fields": {"tag": 39, "content_type": 9, "object_id": 11}}, {"model": "auth.permission", "pk": 1, "fields": {"name": "Can add log entry", "content_type": 1, "codename": "add_logentry"}}, {"model": "auth.permission", "pk": 2, "fields": {"name": "Can change log entry", "content_type": 1, "codename": "change_logentry"}}, {"model": "auth.permission", "pk": 3, "fields": {"name": "Can delete log entry", "content_type": 1, "codename": "delete_logentry"}}, {"model": "auth.permission", "pk": 4, "fields": {"name": "Can add permission", "content_type": 2, "codename": "add_permission"}}, {"model": "auth.permission", "pk": 5, "fields": {"name": "Can change permission", "content_type": 2, "codename": "change_permission"}}, {"model": "auth.permission", "pk": 6, "fields": {"name": "Can delete permission", "content_type": 2, "codename": "delete_permission"}}, {"model": "auth.permission", "pk": 7, "fields": {"name": "Can add group", "content_type": 3, "codename": "add_group"}}, {"model": "auth.permission", "pk": 8, "fields": {"name": "Can change group", "content_type": 3, "codename": "change_group"}}, {"model": "auth.permission", "pk": 9, "fields": {"name": "Can delete group", "content_type": 3, "codename": "delete_group"}}, {"model": "auth.permission", "pk": 10, "fields": {"name": "Can add user", "content_type": 4, "codename": "add_user"}}, {"model": "auth.permission", "pk": 11, "fields": {"name": "Can change user", "content_type": 4, "codename": "change_user"}}, {"model": "auth.permission", "pk": 12, "fields": {"name": "Can delete user", "content_type": 4, "codename": "delete_user"}}, {"model": "auth.permission", "pk": 13, "fields": {"name": "Can add content type", "content_type": 5, "codename": "add_contenttype"}}, {"model": "auth.permission", "pk": 14, "fields": {"name": "Can change content type", "content_type": 5, "codename": "change_contenttype"}}, {"model": "auth.permission", "pk": 15, "fields": {"name": "Can delete content type", "content_type": 5, "codename": "delete_contenttype"}}, {"model": "auth.permission", "pk": 16, "fields": {"name": "Can add session", "content_type": 6, "codename": "add_session"}}, {"model": "auth.permission", "pk": 17, "fields": {"name": "Can change session", "content_type": 6, "codename": "change_session"}}, {"model": "auth.permission", "pk": 18, "fields": {"name": "Can delete session", "content_type": 6, "codename": "delete_session"}}, {"model": "auth.permission", "pk": 19, "fields": {"name": "Can add Tag", "content_type": 7, "codename": "add_tag"}}, {"model": "auth.permission", "pk": 20, "fields": {"name": "Can change Tag", "content_type": 7, "codename": "change_tag"}}, {"model": "auth.permission", "pk": 21, "fields": {"name": "Can delete Tag", "content_type": 7, "codename": "delete_tag"}}, {"model": "auth.permission", "pk": 22, "fields": {"name": "Can add Tagged Item", "content_type": 8, "codename": "add_taggeditem"}}, {"model": "auth.permission", "pk": 23, "fields": {"name": "Can change Tagged Item", "content_type": 8, "codename": "change_taggeditem"}}, {"model": "auth.permission", "pk": 24, "fields": {"name": "Can delete Tagged Item", "content_type": 8, "codename": "delete_taggeditem"}}, {"model": "auth.permission", "pk": 25, "fields": {"name": "Can add vid", "content_type": 9, "codename": "add_vid"}}, {"model": "auth.permission", "pk": 26, "fields": {"name": "Can change vid", "content_type": 9, "codename": "change_vid"}}, {"model": "auth.permission", "pk": 27, "fields": {"name": "Can delete vid", "content_type": 9, "codename": "delete_vid"}}, {"model": "auth.permission", "pk": 28, "fields": {"name": "Can add video meta", "content_type": 10, "codename": "add_videometa"}}, {"model": "auth.permission", "pk": 29, "fields": {"name": "Can change video meta", "content_type": 10, "codename": "change_videometa"}}, {"model": "auth.permission", "pk": 30, "fields": {"name": "Can delete video meta", "content_type": 10, "codename": "delete_videometa"}}, {"model": "auth.permission", "pk": 31, "fields": {"name": "Can add video cat", "content_type": 11, "codename": "add_videocat"}}, {"model": "auth.permission", "pk": 32, "fields": {"name": "Can change video cat", "content_type": 11, "codename": "change_videocat"}}, {"model": "auth.permission", "pk": 33, "fields": {"name": "Can delete video cat", "content_type": 11, "codename": "delete_videocat"}}, {"model": "auth.permission", "pk": 34, "fields": {"name": "Can add Advanced Filter", "content_type": 12, "codename": "add_advancedfilter"}}, {"model": "auth.permission", "pk": 35, "fields": {"name": "Can change Advanced Filter", "content_type": 12, "codename": "change_advancedfilter"}}, {"model": "auth.permission", "pk": 36, "fields": {"name": "Can delete Advanced Filter", "content_type": 12, "codename": "delete_advancedfilter"}}, {"model": "auth.user", "pk": 1, "fields": {"password": "pbkdf2_sha256$24000$cYweOFIDYrGE$EZhdD/KX9AH426afSM7kv2qO51rZOHQk1qV1uVXKhf0=", "last_login": "2016-04-12T08:30:21.149Z", "is_superuser": true, "username": "rosscdh", "first_name": "", "last_name": "", "email": "sendrossemail@gmail.com", "is_staff": true, "is_active": true, "date_joined": "2016-04-09T13:45:17.844Z", "groups": [], "user_permissions": []}}, {"model": "admin.logentry", "pk": 1, "fields": {"action_time": "2016-04-09T14:20:21.885Z", "user": 1, "content_type": 9, "object_id": "1", "object_repr": "Vid object", "action_flag": 1, "change_message": "Added."}}, {"model": "admin.logentry", "pk": 2, "fields": {"action_time": "2016-04-09T14:22:35.955Z", "user": 1, "content_type": 9, "object_id": "1", "object_repr": "Vid object", "action_flag": 2, "change_message": "Changed video and tags."}}, {"model": "admin.logentry", "pk": 3, "fields": {"action_time": "2016-04-09T14:31:35.224Z", "user": 1, "content_type": 9, "object_id": "1", "object_repr": "Vid object", "action_flag": 2, "change_message": "Changed video and tags."}}, {"model": "admin.logentry", "pk": 4, "fields": {"action_time": "2016-04-09T14:32:53.584Z", "user": 1, "content_type": 9, "object_id": "1", "object_repr": "Vid object", "action_flag": 2, "change_message": "Changed video and tags."}}, {"model": "admin.logentry", "pk": 5, "fields": {"action_time": "2016-04-09T14:42:11.518Z", "user": 1, "content_type": 9, "object_id": "1", "object_repr": "Vid object", "action_flag": 2, "change_message": "Changed video and tags."}}, {"model": "admin.logentry", "pk": 6, "fields": {"action_time": "2016-04-09T14:44:48.506Z", "user": 1, "content_type": 9, "object_id": "1", "object_repr": "Vid object", "action_flag": 2, "change_message": "Changed video and tags."}}, {"model": "admin.logentry", "pk": 7, "fields": {"action_time": "2016-04-09T15:00:47.898Z", "user": 1, "content_type": 9, "object_id": "1", "object_repr": "Vid object", "action_flag": 2, "change_message": "Changed video and tags."}}, {"model": "admin.logentry", "pk": 8, "fields": {"action_time": "2016-04-09T15:19:13.927Z", "user": 1, "content_type": 9, "object_id": "1", "object_repr": "Vid object", "action_flag": 2, "change_message": "Changed video and tags."}}, {"model": "admin.logentry", "pk": 9, "fields": {"action_time": "2016-04-09T15:21:45.418Z", "user": 1, "content_type": 9, "object_id": "1", "object_repr": "Vid object", "action_flag": 2, "change_message": "Changed video and tags."}}, {"model": "admin.logentry", "pk": 10, "fields": {"action_time": "2016-04-10T10:28:25.585Z", "user": 1, "content_type": 9, "object_id": "1", "object_repr": "Vid object", "action_flag": 2, "change_message": "Changed video and tags."}}, {"model": "admin.logentry", "pk": 11, "fields": {"action_time": "2016-04-10T10:30:01.548Z", "user": 1, "content_type": 9, "object_id": "1", "object_repr": "Vid object", "action_flag": 2, "change_message": "Changed video and tags."}}, {"model": "admin.logentry", "pk": 12, "fields": {"action_time": "2016-04-10T10:33:59.431Z", "user": 1, "content_type": 9, "object_id": "1", "object_repr": "Vid object", "action_flag": 2, "change_message": "Changed video and tags."}}, {"model": "admin.logentry", "pk": 13, "fields": {"action_time": "2016-04-10T10:36:16.924Z", "user": 1, "content_type": 9, "object_id": "1", "object_repr": "Vid object", "action_flag": 2, "change_message": "Changed tags."}}, {"model": "admin.logentry", "pk": 14, "fields": {"action_time": "2016-04-10T10:37:50.155Z", "user": 1, "content_type": 9, "object_id": "1", "object_repr": "Vid object", "action_flag": 2, "change_message": "Changed video and tags."}}, {"model": "admin.logentry", "pk": 15, "fields": {"action_time": "2016-04-10T10:40:36.110Z", "user": 1, "content_type": 9, "object_id": "1", "object_repr": "Vid object", "action_flag": 2, "change_message": "Changed video and tags."}}, {"model": "admin.logentry", "pk": 16, "fields": {"action_time": "2016-04-10T10:48:18.912Z", "user": 1, "content_type": 9, "object_id": "1", "object_repr": "Vid object", "action_flag": 2, "change_message": "Changed tags."}}, {"model": "admin.logentry", "pk": 17, "fields": {"action_time": "2016-04-10T10:48:31.763Z", "user": 1, "content_type": 9, "object_id": "1", "object_repr": "Vid object", "action_flag": 2, "change_message": "Changed video and tags."}}, {"model": "admin.logentry", "pk": 18, "fields": {"action_time": "2016-04-10T10:49:11.798Z", "user": 1, "content_type": 9, "object_id": "1", "object_repr": "Vid object", "action_flag": 2, "change_message": "Changed tags."}}, {"model": "admin.logentry", "pk": 19, "fields": {"action_time": "2016-04-10T10:50:05.053Z", "user": 1, "content_type": 9, "object_id": "1", "object_repr": "Vid object", "action_flag": 2, "change_message": "Changed video and tags. Changed data for video meta \"VideoMeta object\"."}}, {"model": "admin.logentry", "pk": 20, "fields": {"action_time": "2016-04-10T11:02:58.817Z", "user": 1, "content_type": 9, "object_id": "2", "object_repr": "Vid object", "action_flag": 1, "change_message": "Added."}}, {"model": "admin.logentry", "pk": 21, "fields": {"action_time": "2016-04-10T11:08:05.743Z", "user": 1, "content_type": 9, "object_id": "2", "object_repr": "Vid object", "action_flag": 3, "change_message": ""}}, {"model": "admin.logentry", "pk": 22, "fields": {"action_time": "2016-04-10T11:08:05.746Z", "user": 1, "content_type": 9, "object_id": "1", "object_repr": "Vid object", "action_flag": 3, "change_message": ""}}, {"model": "admin.logentry", "pk": 23, "fields": {"action_time": "2016-04-10T11:09:01.336Z", "user": 1, "content_type": 9, "object_id": "3", "object_repr": "Vid object", "action_flag": 1, "change_message": "Added."}}, {"model": "admin.logentry", "pk": 24, "fields": {"action_time": "2016-04-11T05:45:53.078Z", "user": 1, "content_type": 9, "object_id": "3", "object_repr": "Vid object", "action_flag": 2, "change_message": "Changed tags and categories."}}, {"model": "admin.logentry", "pk": 25, "fields": {"action_time": "2016-04-11T05:46:05.905Z", "user": 1, "content_type": 9, "object_id": "3", "object_repr": "Vid object", "action_flag": 2, "change_message": "Changed video and tags. Changed data for video meta \"VideoMeta object\"."}}, {"model": "admin.logentry", "pk": 26, "fields": {"action_time": "2016-04-11T05:47:02.674Z", "user": 1, "content_type": 9, "object_id": "3", "object_repr": "Vid object", "action_flag": 2, "change_message": "Changed video and tags. Changed data for video meta \"VideoMeta object\"."}}, {"model": "admin.logentry", "pk": 27, "fields": {"action_time": "2016-04-11T05:48:14.699Z", "user": 1, "content_type": 9, "object_id": "3", "object_repr": "Vid object", "action_flag": 2, "change_message": "Changed video and tags. Changed data for video meta \"VideoMeta object\"."}}, {"model": "admin.logentry", "pk": 28, "fields": {"action_time": "2016-04-11T05:51:26.268Z", "user": 1, "content_type": 9, "object_id": "3", "object_repr": "Vid object", "action_flag": 2, "change_message": "Changed video and tags. Changed data for video meta \"VideoMeta object\"."}}, {"model": "admin.logentry", "pk": 29, "fields": {"action_time": "2016-04-11T05:51:59.117Z", "user": 1, "content_type": 9, "object_id": "3", "object_repr": "Vid object", "action_flag": 2, "change_message": "Changed video and tags. Changed data for video meta \"VideoMeta object\"."}}, {"model": "admin.logentry", "pk": 30, "fields": {"action_time": "2016-04-11T05:53:06.391Z", "user": 1, "content_type": 9, "object_id": "3", "object_repr": "Vid object", "action_flag": 2, "change_message": "Changed video and tags. Changed data for video meta \"VideoMeta object\"."}}, {"model": "admin.logentry", "pk": 31, "fields": {"action_time": "2016-04-11T06:00:10.326Z", "user": 1, "content_type": 9, "object_id": "4", "object_repr": "Vid object", "action_flag": 1, "change_message": "Added."}}, {"model": "admin.logentry", "pk": 32, "fields": {"action_time": "2016-04-11T07:21:05.758Z", "user": 1, "content_type": 9, "object_id": "3", "object_repr": "Vid object", "action_flag": 2, "change_message": "Changed name, slug, video and tags."}}, {"model": "admin.logentry", "pk": 33, "fields": {"action_time": "2016-04-11T07:21:33.008Z", "user": 1, "content_type": 9, "object_id": "4", "object_repr": "Vid object", "action_flag": 2, "change_message": "Changed video and tags."}}, {"model": "admin.logentry", "pk": 34, "fields": {"action_time": "2016-04-11T08:45:02.948Z", "user": 1, "content_type": 9, "object_id": "5", "object_repr": "Vid object", "action_flag": 1, "change_message": "Added."}}, {"model": "admin.logentry", "pk": 35, "fields": {"action_time": "2016-04-11T12:51:22.597Z", "user": 1, "content_type": 9, "object_id": "6", "object_repr": "Vid object", "action_flag": 1, "change_message": "Added."}}, {"model": "admin.logentry", "pk": 36, "fields": {"action_time": "2016-04-11T12:52:18.460Z", "user": 1, "content_type": 9, "object_id": "7", "object_repr": "Vid object", "action_flag": 1, "change_message": "Added."}}, {"model": "admin.logentry", "pk": 37, "fields": {"action_time": "2016-04-12T06:13:12.322Z", "user": 1, "content_type": 9, "object_id": "8", "object_repr": "Vid object", "action_flag": 1, "change_message": "Added."}}, {"model": "admin.logentry", "pk": 38, "fields": {"action_time": "2016-04-12T06:15:34.031Z", "user": 1, "content_type": 9, "object_id": "9", "object_repr": "Vid object", "action_flag": 1, "change_message": "Added."}}, {"model": "admin.logentry", "pk": 39, "fields": {"action_time": "2016-04-12T06:16:41.200Z", "user": 1, "content_type": 9, "object_id": "9", "object_repr": "Vid object", "action_flag": 2, "change_message": "Changed video and tags."}}, {"model": "admin.logentry", "pk": 40, "fields": {"action_time": "2016-04-12T08:13:32.265Z", "user": 1, "content_type": 9, "object_id": "10", "object_repr": "Vid object", "action_flag": 1, "change_message": "Added."}}, {"model": "admin.logentry", "pk": 41, "fields": {"action_time": "2016-04-12T15:51:36.449Z", "user": 1, "content_type": 9, "object_id": "11", "object_repr": "Vid object", "action_flag": 1, "change_message": "Added."}}, {"model": "admin.logentry", "pk": 42, "fields": {"action_time": "2016-04-13T06:30:57.846Z", "user": 1, "content_type": 9, "object_id": "8", "object_repr": "Vid object", "action_flag": 2, "change_message": "Changed combined_tags."}}, {"model": "admin.logentry", "pk": 43, "fields": {"action_time": "2016-04-13T06:31:29.429Z", "user": 1, "content_type": 9, "object_id": "8", "object_repr": "Vid object", "action_flag": 2, "change_message": "Changed combined_tags."}}, {"model": "admin.logentry", "pk": 44, "fields": {"action_time": "2016-04-13T06:41:39.226Z", "user": 1, "content_type": 9, "object_id": "8", "object_repr": "Vid object", "action_flag": 2, "change_message": "Changed combined_tags."}}, {"model": "admin.logentry", "pk": 45, "fields": {"action_time": "2016-04-13T06:41:57.463Z", "user": 1, "content_type": 9, "object_id": "8", "object_repr": "Vid object", "action_flag": 2, "change_message": "Changed combined_tags."}}, {"model": "admin.logentry", "pk": 46, "fields": {"action_time": "2016-04-13T06:42:54.599Z", "user": 1, "content_type": 9, "object_id": "8", "object_repr": "Vid object", "action_flag": 2, "change_message": "Changed combined_tags."}}, {"model": "admin.logentry", "pk": 47, "fields": {"action_time": "2016-04-13T06:43:08.387Z", "user": 1, "content_type": 9, "object_id": "8", "object_repr": "Vid object", "action_flag": 2, "change_message": "Changed combined_tags."}}, {"model": "admin.logentry", "pk": 48, "fields": {"action_time": "2016-04-13T06:46:40.092Z", "user": 1, "content_type": 9, "object_id": "8", "object_repr": "Vid object", "action_flag": 2, "change_message": "Changed combined_tags."}}, {"model": "admin.logentry", "pk": 49, "fields": {"action_time": "2016-04-13T06:47:45.895Z", "user": 1, "content_type": 9, "object_id": "8", "object_repr": "Vid object", "action_flag": 2, "change_message": "Changed combined_tags."}}, {"model": "admin.logentry", "pk": 50, "fields": {"action_time": "2016-04-13T06:50:24.031Z", "user": 1, "content_type": 9, "object_id": "8", "object_repr": "Vid object", "action_flag": 2, "change_message": "Changed combined_tags."}}, {"model": "admin.logentry", "pk": 51, "fields": {"action_time": "2016-04-13T06:51:35.263Z", "user": 1, "content_type": 9, "object_id": "8", "object_repr": "Vid object", "action_flag": 2, "change_message": "Changed combined_tags."}}, {"model": "admin.logentry", "pk": 52, "fields": {"action_time": "2016-04-13T06:55:26.698Z", "user": 1, "content_type": 9, "object_id": "8", "object_repr": "Vid object", "action_flag": 2, "change_message": "Changed combined_tags."}}, {"model": "admin.logentry", "pk": 53, "fields": {"action_time": "2016-04-13T06:55:44.802Z", "user": 1, "content_type": 9, "object_id": "8", "object_repr": "Vid object", "action_flag": 2, "change_message": "Changed combined_tags."}}, {"model": "admin.logentry", "pk": 54, "fields": {"action_time": "2016-04-13T07:35:39.998Z", "user": 1, "content_type": 9, "object_id": "8", "object_repr": "Vid object", "action_flag": 2, "change_message": "Changed combined_tags."}}, {"model": "admin.logentry", "pk": 55, "fields": {"action_time": "2016-04-13T07:35:43.226Z", "user": 1, "content_type": 9, "object_id": "8", "object_repr": "Vid object", "action_flag": 2, "change_message": "No fields changed."}}, {"model": "admin.logentry", "pk": 56, "fields": {"action_time": "2016-04-13T09:13:11.612Z", "user": 1, "content_type": 9, "object_id": "8", "object_repr": "Vid object", "action_flag": 2, "change_message": "Changed combined_tags."}}, {"model": "admin.logentry", "pk": 57, "fields": {"action_time": "2016-04-13T12:56:28.531Z", "user": 1, "content_type": 9, "object_id": "8", "object_repr": "Vid object", "action_flag": 2, "change_message": "Changed combined_tags."}}, {"model": "admin.logentry", "pk": 58, "fields": {"action_time": "2016-04-13T13:10:32.869Z", "user": 1, "content_type": 9, "object_id": "8", "object_repr": "Vid object", "action_flag": 2, "change_message": "Changed combined_tags."}}, {"model": "admin.logentry", "pk": 59, "fields": {"action_time": "2016-04-14T11:19:33.857Z", "user": 1, "content_type": 9, "object_id": "10", "object_repr": "Vid object", "action_flag": 2, "change_message": "Changed combined_tags."}}, {"model": "admin.logentry", "pk": 60, "fields": {"action_time": "2016-04-14T17:04:41.442Z", "user": 1, "content_type": 9, "object_id": "10", "object_repr": "Vid object", "action_flag": 2, "change_message": "Changed video."}}, {"model": "admin.logentry", "pk": 61, "fields": {"action_time": "2016-04-14T17:05:17.785Z", "user": 1, "content_type": 9, "object_id": "10", "object_repr": "Vid object", "action_flag": 2, "change_message": "Changed video."}}, {"model": "admin.logentry", "pk": 62, "fields": {"action_time": "2016-04-14T17:06:37.289Z", "user": 1, "content_type": 9, "object_id": "10", "object_repr": "Vid object", "action_flag": 2, "change_message": "Changed video."}}, {"model": "admin.logentry", "pk": 63, "fields": {"action_time": "2016-04-14T17:07:22.923Z", "user": 1, "content_type": 9, "object_id": "10", "object_repr": "Vid object", "action_flag": 2, "change_message": "Changed video."}}, {"model": "admin.logentry", "pk": 64, "fields": {"action_time": "2016-04-14T17:08:25.089Z", "user": 1, "content_type": 9, "object_id": "10", "object_repr": "Vid object", "action_flag": 2, "change_message": "Changed video."}}, {"model": "admin.logentry", "pk": 65, "fields": {"action_time": "2016-04-14T17:08:47.201Z", "user": 1, "content_type": 9, "object_id": "10", "object_repr": "Vid object", "action_flag": 2, "change_message": "Changed video."}}, {"model": "admin.logentry", "pk": 66, "fields": {"action_time": "2016-04-14T17:09:27.797Z", "user": 1, "content_type": 9, "object_id": "10", "object_repr": "Vid object", "action_flag": 2, "change_message": "Changed video."}}, {"model": "admin.logentry", "pk": 67, "fields": {"action_time": "2016-04-14T17:10:47.448Z", "user": 1, "content_type": 9, "object_id": "10", "object_repr": "Vid object", "action_flag": 2, "change_message": "Changed video."}}, {"model": "admin.logentry", "pk": 68, "fields": {"action_time": "2016-04-14T17:11:44.772Z", "user": 1, "content_type": 9, "object_id": "10", "object_repr": "Vid object", "action_flag": 2, "change_message": "Changed video."}}, {"model": "admin.logentry", "pk": 69, "fields": {"action_time": "2016-04-14T17:24:01.004Z", "user": 1, "content_type": 9, "object_id": "10", "object_repr": "Vid object", "action_flag": 2, "change_message": "Changed video."}}, {"model": "admin.logentry", "pk": 70, "fields": {"action_time": "2016-04-14T17:26:06.125Z", "user": 1, "content_type": 9, "object_id": "10", "object_repr": "Vid object", "action_flag": 2, "change_message": "Changed video."}}, {"model": "admin.logentry", "pk": 71, "fields": {"action_time": "2016-04-14T17:26:34.136Z", "user": 1, "content_type": 9, "object_id": "10", "object_repr": "Vid object", "action_flag": 2, "change_message": "Changed video."}}, {"model": "admin.logentry", "pk": 72, "fields": {"action_time": "2016-04-14T17:30:13.746Z", "user": 1, "content_type": 9, "object_id": "10", "object_repr": "Vid object", "action_flag": 2, "change_message": "Changed combined_tags."}}, {"model": "admin.logentry", "pk": 73, "fields": {"action_time": "2016-04-14T17:30:33.400Z", "user": 1, "content_type": 9, "object_id": "9", "object_repr": "Vid object", "action_flag": 2, "change_message": "Changed combined_tags."}}, {"model": "admin.logentry", "pk": 74, "fields": {"action_time": "2016-04-14T17:31:47.806Z", "user": 1, "content_type": 9, "object_id": "11", "object_repr": "Vid object", "action_flag": 2, "change_message": "Changed video and combined_tags."}}, {"model": "admin.logentry", "pk": 75, "fields": {"action_time": "2016-04-14T17:32:37.155Z", "user": 1, "content_type": 9, "object_id": "11", "object_repr": "Vid object", "action_flag": 2, "change_message": "Changed combined_tags."}}]